-- MySQL dump 10.13  Distrib 8.0.13, for Win64 (x86_64)
--
-- Host: localhost    Database: doc_marker_db
-- ------------------------------------------------------
-- Server version	8.0.13

/*!40101 SET @OLD_CHARACTER_SET_CLIENT=@@CHARACTER_SET_CLIENT */;
/*!40101 SET @OLD_CHARACTER_SET_RESULTS=@@CHARACTER_SET_RESULTS */;
/*!40101 SET @OLD_COLLATION_CONNECTION=@@COLLATION_CONNECTION */;
 SET NAMES utf8mb4 ;
/*!40103 SET @OLD_TIME_ZONE=@@TIME_ZONE */;
/*!40103 SET TIME_ZONE='+00:00' */;
/*!40014 SET @OLD_UNIQUE_CHECKS=@@UNIQUE_CHECKS, UNIQUE_CHECKS=0 */;
/*!40014 SET @OLD_FOREIGN_KEY_CHECKS=@@FOREIGN_KEY_CHECKS, FOREIGN_KEY_CHECKS=0 */;
/*!40101 SET @OLD_SQL_MODE=@@SQL_MODE, SQL_MODE='NO_AUTO_VALUE_ON_ZERO' */;
/*!40111 SET @OLD_SQL_NOTES=@@SQL_NOTES, SQL_NOTES=0 */;

--
-- Table structure for table `address`
--

DROP TABLE IF EXISTS `address`;
/*!40101 SET @saved_cs_client     = @@character_set_client */;
 SET character_set_client = utf8mb4 ;
CREATE TABLE `address` (
  `ID` bigint(20) NOT NULL,
  `HOUSE_NUMBER` varchar(255) DEFAULT NULL,
  `STREET` varchar(255) DEFAULT NULL,
  `ZIP_CODE` varchar(255) DEFAULT NULL,
  PRIMARY KEY (`ID`)
) ENGINE=MyISAM DEFAULT CHARSET=utf8mb4 COLLATE=utf8mb4_0900_ai_ci;
/*!40101 SET character_set_client = @saved_cs_client */;

--
-- Dumping data for table `address`
--

LOCK TABLES `address` WRITE;
/*!40000 ALTER TABLE `address` DISABLE KEYS */;
INSERT INTO `address` VALUES (1,'1','Street X','12-341'),(2,'2','Street Y','12-342'),(3,'3','Street Z','12-343'),(4,'4','Street XX','12-344'),(5,'5','Street YY','12-345'),(6,'6','Street ZZ','12-346'),(7,'7','Street XXX','12-347');
/*!40000 ALTER TABLE `address` ENABLE KEYS */;
UNLOCK TABLES;

--
-- Table structure for table `authority`
--

DROP TABLE IF EXISTS `authority`;
/*!40101 SET @saved_cs_client     = @@character_set_client */;
 SET character_set_client = utf8mb4 ;
CREATE TABLE `authority` (
  `id` bigint(20) NOT NULL AUTO_INCREMENT,
  `name` varchar(255) DEFAULT NULL,
  PRIMARY KEY (`id`),
  UNIQUE KEY `UKt5nxshi7324kscuxwgbls5tot` (`name`)
) ENGINE=InnoDB AUTO_INCREMENT=9 DEFAULT CHARSET=utf8mb4 COLLATE=utf8mb4_0900_ai_ci;
/*!40101 SET character_set_client = @saved_cs_client */;

--
-- Dumping data for table `authority`
--

LOCK TABLES `authority` WRITE;
/*!40000 ALTER TABLE `authority` DISABLE KEYS */;
INSERT INTO `authority` VALUES (1,'COMPANY_CREATE'),(4,'COMPANY_DELETE'),(2,'COMPANY_READ'),(3,'COMPANY_UPDATE'),(5,'DEPARTMENT_CREATE'),(8,'DEPARTMENT_DELETE'),(6,'DEPARTMENT_READ'),(7,'DEPARTMENT_UPDATE');
/*!40000 ALTER TABLE `authority` ENABLE KEYS */;
UNLOCK TABLES;

--
-- Table structure for table `car`
--

DROP TABLE IF EXISTS `car`;
/*!40101 SET @saved_cs_client     = @@character_set_client */;
 SET character_set_client = utf8mb4 ;
CREATE TABLE `car` (
  `ID` bigint(20) NOT NULL,
  `REGISTRATION_NUMBER` varchar(255) DEFAULT NULL,
  `company_ID` bigint(20) DEFAULT NULL,
  PRIMARY KEY (`ID`),
  KEY `FK98r2wielcd9j4imtkqgivyhac` (`company_ID`)
) ENGINE=MyISAM DEFAULT CHARSET=utf8mb4 COLLATE=utf8mb4_0900_ai_ci;
/*!40101 SET character_set_client = @saved_cs_client */;

--
-- Dumping data for table `car`
--

LOCK TABLES `car` WRITE;
/*!40000 ALTER TABLE `car` DISABLE KEYS */;
INSERT INTO `car` VALUES (1,'XYZ10ABC',1),(2,'XYZ11ABC',1),(3,'XYZ12ABC',1),(4,'XYZ13ABC',2);
/*!40000 ALTER TABLE `car` ENABLE KEYS */;
UNLOCK TABLES;

--
-- Table structure for table `clientdetails`
--

DROP TABLE IF EXISTS `clientdetails`;
/*!40101 SET @saved_cs_client     = @@character_set_client */;
 SET character_set_client = utf8mb4 ;
CREATE TABLE `clientdetails` (
  `appId` varchar(256) NOT NULL,
  `resourceIds` varchar(256) DEFAULT NULL,
  `appSecret` varchar(256) DEFAULT NULL,
  `scope` varchar(256) DEFAULT NULL,
  `grantTypes` varchar(256) DEFAULT NULL,
  `redirectUrl` varchar(256) DEFAULT NULL,
  `authorities` varchar(256) DEFAULT NULL,
  `access_token_validity` int(11) DEFAULT NULL,
  `refresh_token_validity` int(11) DEFAULT NULL,
  `additionalInformation` varchar(4096) DEFAULT NULL,
  `autoApproveScopes` varchar(256) DEFAULT NULL,
  PRIMARY KEY (`appId`)
) ENGINE=InnoDB DEFAULT CHARSET=utf8mb4 COLLATE=utf8mb4_0900_ai_ci;
/*!40101 SET character_set_client = @saved_cs_client */;

--
-- Dumping data for table `clientdetails`
--

LOCK TABLES `clientdetails` WRITE;
/*!40000 ALTER TABLE `clientdetails` DISABLE KEYS */;
/*!40000 ALTER TABLE `clientdetails` ENABLE KEYS */;
UNLOCK TABLES;

--
-- Table structure for table `company`
--

DROP TABLE IF EXISTS `company`;
/*!40101 SET @saved_cs_client     = @@character_set_client */;
 SET character_set_client = utf8mb4 ;
CREATE TABLE `company` (
  `ID` bigint(20) NOT NULL,
  `NAME` varchar(255) NOT NULL,
  PRIMARY KEY (`ID`)
) ENGINE=MyISAM DEFAULT CHARSET=utf8mb4 COLLATE=utf8mb4_0900_ai_ci;
/*!40101 SET character_set_client = @saved_cs_client */;

--
-- Dumping data for table `company`
--

LOCK TABLES `company` WRITE;
/*!40000 ALTER TABLE `company` DISABLE KEYS */;
INSERT INTO `company` VALUES (1,'Pepsi'),(2,'Coca Cola'),(3,'Sprite');
/*!40000 ALTER TABLE `company` ENABLE KEYS */;
UNLOCK TABLES;

--
-- Table structure for table `department`
--

DROP TABLE IF EXISTS `department`;
/*!40101 SET @saved_cs_client     = @@character_set_client */;
 SET character_set_client = utf8mb4 ;
CREATE TABLE `department` (
  `ID` bigint(20) NOT NULL,
  `NAME` varchar(255) NOT NULL,
  `company_ID` bigint(20) DEFAULT NULL,
  PRIMARY KEY (`ID`),
  KEY `FK38fbgua7t6cbi3h9ou692mpip` (`company_ID`)
) ENGINE=MyISAM DEFAULT CHARSET=utf8mb4 COLLATE=utf8mb4_0900_ai_ci;
/*!40101 SET character_set_client = @saved_cs_client */;

--
-- Dumping data for table `department`
--

LOCK TABLES `department` WRITE;
/*!40000 ALTER TABLE `department` DISABLE KEYS */;
INSERT INTO `department` VALUES (1,'Sales & Marketing',1),(2,'Research & Development',1),(3,'Administration',1),(4,'Human Resources',2),(5,'Sales & Marketing',3);
/*!40000 ALTER TABLE `department` ENABLE KEYS */;
UNLOCK TABLES;

--
-- Table structure for table `employee`
--

DROP TABLE IF EXISTS `employee`;
/*!40101 SET @saved_cs_client     = @@character_set_client */;
 SET character_set_client = utf8mb4 ;
CREATE TABLE `employee` (
  `id` bigint(20) NOT NULL,
  `NAME` varchar(255) NOT NULL,
  `SURNAME` varchar(255) NOT NULL,
  `ADDRESS_ID` bigint(20) DEFAULT NULL,
  `department_ID` bigint(20) DEFAULT NULL,
  PRIMARY KEY (`id`),
  KEY `FKqs5j463o134ox3593k82qkg6o` (`ADDRESS_ID`),
  KEY `FKg42ulkuxkhd4vl1q5fnu7vua6` (`department_ID`)
) ENGINE=MyISAM DEFAULT CHARSET=utf8mb4 COLLATE=utf8mb4_0900_ai_ci;
/*!40101 SET character_set_client = @saved_cs_client */;

--
-- Dumping data for table `employee`
--

LOCK TABLES `employee` WRITE;
/*!40000 ALTER TABLE `employee` DISABLE KEYS */;
INSERT INTO `employee` VALUES (1,'John','William',1,1),(2,'Robert','James',2,2),(3,'Donald','Tyler',3,3);
/*!40000 ALTER TABLE `employee` ENABLE KEYS */;
UNLOCK TABLES;

--
-- Table structure for table `hibernate_sequence`
--

DROP TABLE IF EXISTS `hibernate_sequence`;
/*!40101 SET @saved_cs_client     = @@character_set_client */;
 SET character_set_client = utf8mb4 ;
CREATE TABLE `hibernate_sequence` (
  `next_val` bigint(20) DEFAULT NULL
) ENGINE=MyISAM DEFAULT CHARSET=utf8mb4 COLLATE=utf8mb4_0900_ai_ci;
/*!40101 SET character_set_client = @saved_cs_client */;

--
-- Dumping data for table `hibernate_sequence`
--

LOCK TABLES `hibernate_sequence` WRITE;
/*!40000 ALTER TABLE `hibernate_sequence` DISABLE KEYS */;
INSERT INTO `hibernate_sequence` VALUES (1),(1),(1),(1),(1),(1);
/*!40000 ALTER TABLE `hibernate_sequence` ENABLE KEYS */;
UNLOCK TABLES;

--
-- Table structure for table `oauth_access_token`
--

DROP TABLE IF EXISTS `oauth_access_token`;
/*!40101 SET @saved_cs_client     = @@character_set_client */;
 SET character_set_client = utf8mb4 ;
CREATE TABLE `oauth_access_token` (
  `token_id` varchar(256) DEFAULT NULL,
  `token` blob,
  `authentication_id` varchar(256) NOT NULL,
  `user_name` varchar(256) DEFAULT NULL,
  `client_id` varchar(256) DEFAULT NULL,
  `authentication` blob,
  `refresh_token` varchar(256) DEFAULT NULL,
  PRIMARY KEY (`authentication_id`)
) ENGINE=InnoDB DEFAULT CHARSET=utf8mb4 COLLATE=utf8mb4_0900_ai_ci;
/*!40101 SET character_set_client = @saved_cs_client */;

--
-- Dumping data for table `oauth_access_token`
--

LOCK TABLES `oauth_access_token` WRITE;
/*!40000 ALTER TABLE `oauth_access_token` DISABLE KEYS */;
INSERT INTO `oauth_access_token` VALUES ('419c18527cb55871bd0639ec7c28526b',_binary '¨\Ì\0sr\0Corg.springframework.security.oauth2.common.DefaultOAuth2AccessToken≤û6$˙\Œ\0L\0additionalInformationt\0Ljava/util/Map;L\0\nexpirationt\0Ljava/util/Date;L\0refreshTokent\0?Lorg/springframework/security/oauth2/common/OAuth2RefreshToken;L\0scopet\0Ljava/util/Set;L\0	tokenTypet\0Ljava/lang/String;L\0valueq\0~\0xpsr\0java.util.Collections$EmptyMapY6ÖZ\‹\Á\–\0\0xpsr\0java.util.DatehjÅKYt\0\0xpw\0\0h\ÿEexsr\0Lorg.springframework.security.oauth2.common.DefaultExpiringOAuth2RefreshToken/\ﬂGcù\–…∑\0L\0\nexpirationq\0~\0xr\0Dorg.springframework.security.oauth2.common.DefaultOAuth2RefreshTokens\·\ncT\‘^\0L\0valueq\0~\0xpt\0$32122af4-81c9-43d0-95d5-d6b1c3583614sq\0~\0	w\0\0i#ÅPxsr\0%java.util.Collections$UnmodifiableSetÄí—èõÄU\0\0xr\0,java.util.Collections$UnmodifiableCollectionB\0Ä\À^\˜\0L\0ct\0Ljava/util/Collection;xpsr\0java.util.LinkedHashSet\ÿl\◊Zï\›*\0\0xr\0java.util.HashSet∫DÖïñ∏∑4\0\0xpw\0\0\0?@\0\0\0\0\0t\0readxt\0bearert\0$1dffc6bf-790c-425b-ad65-6514e008fb3d','04eb1c0fab5d2d4a5221032a9cbc3d08','admin','spring-security-oauth2-read-client',_binary '¨\Ì\0sr\0Aorg.springframework.security.oauth2.provider.OAuth2AuthenticationΩ@bR\0L\0\rstoredRequestt\0<Lorg/springframework/security/oauth2/provider/OAuth2Request;L\0userAuthenticationt\02Lorg/springframework/security/core/Authentication;xr\0Gorg.springframework.security.authentication.AbstractAuthenticationToken”™(~nGd\0Z\0\rauthenticatedL\0authoritiest\0Ljava/util/Collection;L\0detailst\0Ljava/lang/Object;xp\0sr\0&java.util.Collections$UnmodifiableList¸%1µ\Ïé\0L\0listt\0Ljava/util/List;xr\0,java.util.Collections$UnmodifiableCollectionB\0Ä\À^\˜\0L\0cq\0~\0xpsr\0java.util.ArrayListxÅ\“ô\«aù\0I\0sizexp\0\0\0w\0\0\0sr\0&com.docmarker.model.security.Authority†-ßhqvw\0L\0idt\0Ljava/lang/Long;L\0namet\0Ljava/lang/String;xpsr\0java.lang.Long;ã\‰êÃè#\ﬂ\0J\0valuexr\0java.lang.NumberÜ¨ïî\‡ã\0\0xp\0\0\0\0\0\0\0t\0COMPANY_CREATEsq\0~\0\rsq\0~\0\0\0\0\0\0\0\0t\0COMPANY_READsq\0~\0\rsq\0~\0\0\0\0\0\0\0\0t\0COMPANY_UPDATEsq\0~\0\rsq\0~\0\0\0\0\0\0\0\0t\0COMPANY_DELETEsq\0~\0\rsq\0~\0\0\0\0\0\0\0\0t\0DEPARTMENT_CREATEsq\0~\0\rsq\0~\0\0\0\0\0\0\0\0t\0DEPARTMENT_READsq\0~\0\rsq\0~\0\0\0\0\0\0\0\0t\0DEPARTMENT_UPDATEsq\0~\0\rsq\0~\0\0\0\0\0\0\0\0t\0DEPARTMENT_DELETExq\0~\0psr\0:org.springframework.security.oauth2.provider.OAuth2Request\0\0\0\0\0\0\0\0Z\0approvedL\0authoritiesq\0~\0L\0\nextensionst\0Ljava/util/Map;L\0redirectUriq\0~\0L\0refresht\0;Lorg/springframework/security/oauth2/provider/TokenRequest;L\0resourceIdst\0Ljava/util/Set;L\0\rresponseTypesq\0~\0-xr\08org.springframework.security.oauth2.provider.BaseRequest6(z>£qiΩ\0L\0clientIdq\0~\0L\0requestParametersq\0~\0+L\0scopeq\0~\0-xpt\0\"spring-security-oauth2-read-clientsr\0%java.util.Collections$UnmodifiableMap\Ò•®˛t\ıB\0L\0mq\0~\0+xpsr\0java.util.HashMap\⁄¡\√`\—\0F\0\nloadFactorI\0	thresholdxp?@\0\0\0\0\0w\0\0\0\0\0\0t\0\ngrant_typet\0passwordt\0	client_idt\0\"spring-security-oauth2-read-clientt\0usernamet\0adminxsr\0%java.util.Collections$UnmodifiableSetÄí—èõÄU\0\0xq\0~\0	sr\0java.util.LinkedHashSet\ÿl\◊Zï\›*\0\0xr\0java.util.HashSet∫DÖïñ∏∑4\0\0xpw\0\0\0?@\0\0\0\0\0t\0readxsq\0~\0>w\0\0\0?@\0\0\0\0\0sr\0Borg.springframework.security.core.authority.SimpleGrantedAuthority\0\0\0\0\0\0§\0L\0roleq\0~\0xpt\0USERxsq\0~\03?@\0\0\0\0\0\0w\0\0\0\0\0\0\0xppsq\0~\0>w\0\0\0?@\0\0\0\0\0t\0resource-server-rest-apixsq\0~\0>w\0\0\0?@\0\0\0\0\0\0xsr\0Oorg.springframework.security.authentication.UsernamePasswordAuthenticationToken\0\0\0\0\0\0§\0L\0credentialsq\0~\0L\0	principalq\0~\0xq\0~\0sq\0~\0sq\0~\0\0\0\0w\0\0\0q\0~\0q\0~\0q\0~\0q\0~\0q\0~\0q\0~\0!q\0~\0$q\0~\0\'xq\0~\0Lsr\0java.util.LinkedHashMap4¿N\\l¿˚\0Z\0accessOrderxq\0~\03?@\0\0\0\0\0w\0\0\0\0\0\0q\0~\05q\0~\06q\0~\07q\0~\08q\0~\09q\0~\0:x\0psr\0!com.docmarker.model.security.User\«@¡˚@$e\“\0Z\0accountExpiredZ\0\raccountLockedZ\0credentialsExpiredZ\0enabledL\0\ractivationKeyq\0~\0L\0authoritiesq\0~\0L\0emailq\0~\0L\0	firstNameq\0~\0L\0idq\0~\0L\0lastNameq\0~\0L\0passwordq\0~\0L\0usernameq\0~\0xp\0\0\0psr\0/org.hibernate.collection.internal.PersistentBagec˝? Ç\0\0L\0bagq\0~\0xr\0>org.hibernate.collection.internal.AbstractPersistentCollection\È\”\‹M©;•\0\nZ\0allowLoadOutsideTransactionI\0\ncachedSizeZ\0dirtyZ\0initializedZ\0\risTempSessionL\0keyt\0Ljava/io/Serializable;L\0ownerq\0~\0L\0roleq\0~\0L\0sessionFactoryUuidq\0~\0L\0storedSnapshotq\0~\0Sxp\0ˇˇˇˇ\0\0q\0~\0q\0~\0Pt\0-com.docmarker.model.security.User.authoritiespsq\0~\0\0\0\0w\0\0\0q\0~\0q\0~\0q\0~\0q\0~\0q\0~\0q\0~\0!q\0~\0$q\0~\0\'xsq\0~\0\0\0\0w\0\0\0q\0~\0q\0~\0q\0~\0q\0~\0q\0~\0q\0~\0!q\0~\0$q\0~\0\'xppq\0~\0pt\0<$2a$08$qvrzQZ7jJ7oy2p/msL4M0.l83Cd0jNsX6AJUitbgRXGzge4j035hat\0admin','b65eda0e82ac48be52ed8cbcfb58e7ad'),('42667764dea1fffaec649b84c5b091ff',_binary '¨\Ì\0sr\0Corg.springframework.security.oauth2.common.DefaultOAuth2AccessToken≤û6$˙\Œ\0L\0additionalInformationt\0Ljava/util/Map;L\0\nexpirationt\0Ljava/util/Date;L\0refreshTokent\0?Lorg/springframework/security/oauth2/common/OAuth2RefreshToken;L\0scopet\0Ljava/util/Set;L\0	tokenTypet\0Ljava/lang/String;L\0valueq\0~\0xpsr\0java.util.Collections$EmptyMapY6ÖZ\‹\Á\–\0\0xpsr\0java.util.DatehjÅKYt\0\0xpw\0\0h\ÿ6Gxsr\0Lorg.springframework.security.oauth2.common.DefaultExpiringOAuth2RefreshToken/\ﬂGcù\–…∑\0L\0\nexpirationq\0~\0xr\0Dorg.springframework.security.oauth2.common.DefaultOAuth2RefreshTokens\·\ncT\‘^\0L\0valueq\0~\0xpt\0$a596917c-48f0-4ad2-9bae-433a4bea4944sq\0~\0	w\0\0i#ô˝\"xsr\0%java.util.Collections$UnmodifiableSetÄí—èõÄU\0\0xr\0,java.util.Collections$UnmodifiableCollectionB\0Ä\À^\˜\0L\0ct\0Ljava/util/Collection;xpsr\0java.util.LinkedHashSet\ÿl\◊Zï\›*\0\0xr\0java.util.HashSet∫DÖïñ∏∑4\0\0xpw\0\0\0?@\0\0\0\0\0t\0readt\0writext\0bearert\0$38ad1456-2207-42f2-b076-4b34f69a8d0f','d557e74143287f87984f133c7409755d','admin','spring-security-oauth2-read-write-client',_binary '¨\Ì\0sr\0Aorg.springframework.security.oauth2.provider.OAuth2AuthenticationΩ@bR\0L\0\rstoredRequestt\0<Lorg/springframework/security/oauth2/provider/OAuth2Request;L\0userAuthenticationt\02Lorg/springframework/security/core/Authentication;xr\0Gorg.springframework.security.authentication.AbstractAuthenticationToken”™(~nGd\0Z\0\rauthenticatedL\0authoritiest\0Ljava/util/Collection;L\0detailst\0Ljava/lang/Object;xp\0sr\0&java.util.Collections$UnmodifiableList¸%1µ\Ïé\0L\0listt\0Ljava/util/List;xr\0,java.util.Collections$UnmodifiableCollectionB\0Ä\À^\˜\0L\0cq\0~\0xpsr\0java.util.ArrayListxÅ\“ô\«aù\0I\0sizexp\0\0\0w\0\0\0sr\0&com.docmarker.model.security.Authority†-ßhqvw\0L\0idt\0Ljava/lang/Long;L\0namet\0Ljava/lang/String;xpsr\0java.lang.Long;ã\‰êÃè#\ﬂ\0J\0valuexr\0java.lang.NumberÜ¨ïî\‡ã\0\0xp\0\0\0\0\0\0\0t\0COMPANY_CREATEsq\0~\0\rsq\0~\0\0\0\0\0\0\0\0t\0COMPANY_READsq\0~\0\rsq\0~\0\0\0\0\0\0\0\0t\0COMPANY_UPDATEsq\0~\0\rsq\0~\0\0\0\0\0\0\0\0t\0COMPANY_DELETEsq\0~\0\rsq\0~\0\0\0\0\0\0\0\0t\0DEPARTMENT_CREATEsq\0~\0\rsq\0~\0\0\0\0\0\0\0\0t\0DEPARTMENT_READsq\0~\0\rsq\0~\0\0\0\0\0\0\0\0t\0DEPARTMENT_UPDATEsq\0~\0\rsq\0~\0\0\0\0\0\0\0\0t\0DEPARTMENT_DELETExq\0~\0psr\0:org.springframework.security.oauth2.provider.OAuth2Request\0\0\0\0\0\0\0\0Z\0approvedL\0authoritiesq\0~\0L\0\nextensionst\0Ljava/util/Map;L\0redirectUriq\0~\0L\0refresht\0;Lorg/springframework/security/oauth2/provider/TokenRequest;L\0resourceIdst\0Ljava/util/Set;L\0\rresponseTypesq\0~\0-xr\08org.springframework.security.oauth2.provider.BaseRequest6(z>£qiΩ\0L\0clientIdq\0~\0L\0requestParametersq\0~\0+L\0scopeq\0~\0-xpt\0(spring-security-oauth2-read-write-clientsr\0%java.util.Collections$UnmodifiableMap\Ò•®˛t\ıB\0L\0mq\0~\0+xpsr\0java.util.HashMap\⁄¡\√`\—\0F\0\nloadFactorI\0	thresholdxp?@\0\0\0\0\0w\0\0\0\0\0\0t\0\ngrant_typet\0passwordt\0	client_idt\0(spring-security-oauth2-read-write-clientt\0usernamet\0adminxsr\0%java.util.Collections$UnmodifiableSetÄí—èõÄU\0\0xq\0~\0	sr\0java.util.LinkedHashSet\ÿl\◊Zï\›*\0\0xr\0java.util.HashSet∫DÖïñ∏∑4\0\0xpw\0\0\0?@\0\0\0\0\0t\0readt\0writexsq\0~\0>w\0\0\0?@\0\0\0\0\0sr\0Borg.springframework.security.core.authority.SimpleGrantedAuthority\0\0\0\0\0\0§\0L\0roleq\0~\0xpt\0USERxsq\0~\03?@\0\0\0\0\0\0w\0\0\0\0\0\0\0xppsq\0~\0>w\0\0\0?@\0\0\0\0\0t\0resource-server-rest-apixsq\0~\0>w\0\0\0?@\0\0\0\0\0\0xsr\0Oorg.springframework.security.authentication.UsernamePasswordAuthenticationToken\0\0\0\0\0\0§\0L\0credentialsq\0~\0L\0	principalq\0~\0xq\0~\0sq\0~\0sq\0~\0\0\0\0w\0\0\0q\0~\0q\0~\0q\0~\0q\0~\0q\0~\0q\0~\0!q\0~\0$q\0~\0\'xq\0~\0Msr\0java.util.LinkedHashMap4¿N\\l¿˚\0Z\0accessOrderxq\0~\03?@\0\0\0\0\0w\0\0\0\0\0\0q\0~\05q\0~\06q\0~\07q\0~\08q\0~\09q\0~\0:x\0psr\0!com.docmarker.model.security.User\«@¡˚@$e\“\0Z\0accountExpiredZ\0\raccountLockedZ\0credentialsExpiredZ\0enabledL\0\ractivationKeyq\0~\0L\0authoritiesq\0~\0L\0emailq\0~\0L\0	firstNameq\0~\0L\0idq\0~\0L\0lastNameq\0~\0L\0passwordq\0~\0L\0usernameq\0~\0xp\0\0\0psr\0/org.hibernate.collection.internal.PersistentBagec˝? Ç\0\0L\0bagq\0~\0xr\0>org.hibernate.collection.internal.AbstractPersistentCollection\È\”\‹M©;•\0\nZ\0allowLoadOutsideTransactionI\0\ncachedSizeZ\0dirtyZ\0initializedZ\0\risTempSessionL\0keyt\0Ljava/io/Serializable;L\0ownerq\0~\0L\0roleq\0~\0L\0sessionFactoryUuidq\0~\0L\0storedSnapshotq\0~\0Txp\0ˇˇˇˇ\0\0q\0~\0q\0~\0Qt\0-com.docmarker.model.security.User.authoritiespsq\0~\0\0\0\0w\0\0\0q\0~\0q\0~\0q\0~\0q\0~\0q\0~\0q\0~\0!q\0~\0$q\0~\0\'xsq\0~\0\0\0\0w\0\0\0q\0~\0q\0~\0q\0~\0q\0~\0q\0~\0q\0~\0!q\0~\0$q\0~\0\'xppq\0~\0pt\0<$2a$08$qvrzQZ7jJ7oy2p/msL4M0.l83Cd0jNsX6AJUitbgRXGzge4j035hat\0admin','6ddf6f03213d29b1302ae5caceb5f5c5');
/*!40000 ALTER TABLE `oauth_access_token` ENABLE KEYS */;
UNLOCK TABLES;

--
-- Table structure for table `oauth_approvals`
--

DROP TABLE IF EXISTS `oauth_approvals`;
/*!40101 SET @saved_cs_client     = @@character_set_client */;
 SET character_set_client = utf8mb4 ;
CREATE TABLE `oauth_approvals` (
  `userId` varchar(256) DEFAULT NULL,
  `clientId` varchar(256) DEFAULT NULL,
  `scope` varchar(256) DEFAULT NULL,
  `status` varchar(10) DEFAULT NULL,
  `expiresAt` timestamp NULL DEFAULT NULL,
  `lastModifiedAt` timestamp NULL DEFAULT NULL
) ENGINE=InnoDB DEFAULT CHARSET=utf8mb4 COLLATE=utf8mb4_0900_ai_ci;
/*!40101 SET character_set_client = @saved_cs_client */;

--
-- Dumping data for table `oauth_approvals`
--

LOCK TABLES `oauth_approvals` WRITE;
/*!40000 ALTER TABLE `oauth_approvals` DISABLE KEYS */;
/*!40000 ALTER TABLE `oauth_approvals` ENABLE KEYS */;
UNLOCK TABLES;

--
-- Table structure for table `oauth_client_details`
--

DROP TABLE IF EXISTS `oauth_client_details`;
/*!40101 SET @saved_cs_client     = @@character_set_client */;
 SET character_set_client = utf8mb4 ;
CREATE TABLE `oauth_client_details` (
  `client_id` varchar(256) NOT NULL,
  `resource_ids` varchar(256) DEFAULT NULL,
  `client_secret` varchar(256) DEFAULT NULL,
  `scope` varchar(256) DEFAULT NULL,
  `authorized_grant_types` varchar(256) DEFAULT NULL,
  `web_server_redirect_uri` varchar(256) DEFAULT NULL,
  `authorities` varchar(256) DEFAULT NULL,
  `access_token_validity` int(11) DEFAULT NULL,
  `refresh_token_validity` int(11) DEFAULT NULL,
  `additional_information` varchar(4096) DEFAULT NULL,
  `autoapprove` varchar(256) DEFAULT NULL,
  PRIMARY KEY (`client_id`)
) ENGINE=InnoDB DEFAULT CHARSET=utf8mb4 COLLATE=utf8mb4_0900_ai_ci;
/*!40101 SET character_set_client = @saved_cs_client */;

--
-- Dumping data for table `oauth_client_details`
--

LOCK TABLES `oauth_client_details` WRITE;
/*!40000 ALTER TABLE `oauth_client_details` DISABLE KEYS */;
INSERT INTO `oauth_client_details` VALUES ('spring-security-oauth2-read-client','resource-server-rest-api','$2a$04$WGq2P9egiOYoOFemBRfsiO9qTcyJtNRnPKNBl5tokP7IP.eZn93km','read','password,authorization_code,refresh_token,implicit',NULL,'USER',86400,2592000,NULL,NULL),('spring-security-oauth2-read-write-client','resource-server-rest-api','$2a$04$soeOR.QFmClXeFIrhJVLWOQxfHjsJLSpWrU1iGxcMGdu.a5hvfY4W','read,write','password,authorization_code,refresh_token,implicit',NULL,'USER',86400,2592000,NULL,NULL);
/*!40000 ALTER TABLE `oauth_client_details` ENABLE KEYS */;
UNLOCK TABLES;

--
-- Table structure for table `oauth_client_token`
--

DROP TABLE IF EXISTS `oauth_client_token`;
/*!40101 SET @saved_cs_client     = @@character_set_client */;
 SET character_set_client = utf8mb4 ;
CREATE TABLE `oauth_client_token` (
  `token_id` varchar(256) DEFAULT NULL,
  `token` blob,
  `authentication_id` varchar(256) NOT NULL,
  `user_name` varchar(256) DEFAULT NULL,
  `client_id` varchar(256) DEFAULT NULL,
  PRIMARY KEY (`authentication_id`)
) ENGINE=InnoDB DEFAULT CHARSET=utf8mb4 COLLATE=utf8mb4_0900_ai_ci;
/*!40101 SET character_set_client = @saved_cs_client */;

--
-- Dumping data for table `oauth_client_token`
--

LOCK TABLES `oauth_client_token` WRITE;
/*!40000 ALTER TABLE `oauth_client_token` DISABLE KEYS */;
/*!40000 ALTER TABLE `oauth_client_token` ENABLE KEYS */;
UNLOCK TABLES;

--
-- Table structure for table `oauth_code`
--

DROP TABLE IF EXISTS `oauth_code`;
/*!40101 SET @saved_cs_client     = @@character_set_client */;
 SET character_set_client = utf8mb4 ;
CREATE TABLE `oauth_code` (
  `code` varchar(256) DEFAULT NULL,
  `authentication` blob
) ENGINE=InnoDB DEFAULT CHARSET=utf8mb4 COLLATE=utf8mb4_0900_ai_ci;
/*!40101 SET character_set_client = @saved_cs_client */;

--
-- Dumping data for table `oauth_code`
--

LOCK TABLES `oauth_code` WRITE;
/*!40000 ALTER TABLE `oauth_code` DISABLE KEYS */;
/*!40000 ALTER TABLE `oauth_code` ENABLE KEYS */;
UNLOCK TABLES;

--
-- Table structure for table `oauth_refresh_token`
--

DROP TABLE IF EXISTS `oauth_refresh_token`;
/*!40101 SET @saved_cs_client     = @@character_set_client */;
 SET character_set_client = utf8mb4 ;
CREATE TABLE `oauth_refresh_token` (
  `token_id` varchar(256) DEFAULT NULL,
  `token` blob,
  `authentication` blob
) ENGINE=InnoDB DEFAULT CHARSET=utf8mb4 COLLATE=utf8mb4_0900_ai_ci;
/*!40101 SET character_set_client = @saved_cs_client */;

--
-- Dumping data for table `oauth_refresh_token`
--

LOCK TABLES `oauth_refresh_token` WRITE;
/*!40000 ALTER TABLE `oauth_refresh_token` DISABLE KEYS */;
INSERT INTO `oauth_refresh_token` VALUES ('6ddf6f03213d29b1302ae5caceb5f5c5',_binary '¨\Ì\0sr\0Lorg.springframework.security.oauth2.common.DefaultExpiringOAuth2RefreshToken/\ﬂGcù\–…∑\0L\0\nexpirationt\0Ljava/util/Date;xr\0Dorg.springframework.security.oauth2.common.DefaultOAuth2RefreshTokens\·\ncT\‘^\0L\0valuet\0Ljava/lang/String;xpt\0$a596917c-48f0-4ad2-9bae-433a4bea4944sr\0java.util.DatehjÅKYt\0\0xpw\0\0i#ô˝\"x',_binary '¨\Ì\0sr\0Aorg.springframework.security.oauth2.provider.OAuth2AuthenticationΩ@bR\0L\0\rstoredRequestt\0<Lorg/springframework/security/oauth2/provider/OAuth2Request;L\0userAuthenticationt\02Lorg/springframework/security/core/Authentication;xr\0Gorg.springframework.security.authentication.AbstractAuthenticationToken”™(~nGd\0Z\0\rauthenticatedL\0authoritiest\0Ljava/util/Collection;L\0detailst\0Ljava/lang/Object;xp\0sr\0&java.util.Collections$UnmodifiableList¸%1µ\Ïé\0L\0listt\0Ljava/util/List;xr\0,java.util.Collections$UnmodifiableCollectionB\0Ä\À^\˜\0L\0cq\0~\0xpsr\0java.util.ArrayListxÅ\“ô\«aù\0I\0sizexp\0\0\0w\0\0\0sr\0&com.docmarker.model.security.Authority†-ßhqvw\0L\0idt\0Ljava/lang/Long;L\0namet\0Ljava/lang/String;xpsr\0java.lang.Long;ã\‰êÃè#\ﬂ\0J\0valuexr\0java.lang.NumberÜ¨ïî\‡ã\0\0xp\0\0\0\0\0\0\0t\0COMPANY_CREATEsq\0~\0\rsq\0~\0\0\0\0\0\0\0\0t\0COMPANY_READsq\0~\0\rsq\0~\0\0\0\0\0\0\0\0t\0COMPANY_UPDATEsq\0~\0\rsq\0~\0\0\0\0\0\0\0\0t\0COMPANY_DELETEsq\0~\0\rsq\0~\0\0\0\0\0\0\0\0t\0DEPARTMENT_CREATEsq\0~\0\rsq\0~\0\0\0\0\0\0\0\0t\0DEPARTMENT_READsq\0~\0\rsq\0~\0\0\0\0\0\0\0\0t\0DEPARTMENT_UPDATEsq\0~\0\rsq\0~\0\0\0\0\0\0\0\0t\0DEPARTMENT_DELETExq\0~\0psr\0:org.springframework.security.oauth2.provider.OAuth2Request\0\0\0\0\0\0\0\0Z\0approvedL\0authoritiesq\0~\0L\0\nextensionst\0Ljava/util/Map;L\0redirectUriq\0~\0L\0refresht\0;Lorg/springframework/security/oauth2/provider/TokenRequest;L\0resourceIdst\0Ljava/util/Set;L\0\rresponseTypesq\0~\0-xr\08org.springframework.security.oauth2.provider.BaseRequest6(z>£qiΩ\0L\0clientIdq\0~\0L\0requestParametersq\0~\0+L\0scopeq\0~\0-xpt\0(spring-security-oauth2-read-write-clientsr\0%java.util.Collections$UnmodifiableMap\Ò•®˛t\ıB\0L\0mq\0~\0+xpsr\0java.util.HashMap\⁄¡\√`\—\0F\0\nloadFactorI\0	thresholdxp?@\0\0\0\0\0w\0\0\0\0\0\0t\0\ngrant_typet\0passwordt\0	client_idt\0(spring-security-oauth2-read-write-clientt\0usernamet\0adminxsr\0%java.util.Collections$UnmodifiableSetÄí—èõÄU\0\0xq\0~\0	sr\0java.util.LinkedHashSet\ÿl\◊Zï\›*\0\0xr\0java.util.HashSet∫DÖïñ∏∑4\0\0xpw\0\0\0?@\0\0\0\0\0t\0readt\0writexsq\0~\0>w\0\0\0?@\0\0\0\0\0sr\0Borg.springframework.security.core.authority.SimpleGrantedAuthority\0\0\0\0\0\0§\0L\0roleq\0~\0xpt\0USERxsq\0~\03?@\0\0\0\0\0\0w\0\0\0\0\0\0\0xppsq\0~\0>w\0\0\0?@\0\0\0\0\0t\0resource-server-rest-apixsq\0~\0>w\0\0\0?@\0\0\0\0\0\0xsr\0Oorg.springframework.security.authentication.UsernamePasswordAuthenticationToken\0\0\0\0\0\0§\0L\0credentialsq\0~\0L\0	principalq\0~\0xq\0~\0sq\0~\0sq\0~\0\0\0\0w\0\0\0q\0~\0q\0~\0q\0~\0q\0~\0q\0~\0q\0~\0!q\0~\0$q\0~\0\'xq\0~\0Msr\0java.util.LinkedHashMap4¿N\\l¿˚\0Z\0accessOrderxq\0~\03?@\0\0\0\0\0w\0\0\0\0\0\0q\0~\05q\0~\06q\0~\07q\0~\08q\0~\09q\0~\0:x\0psr\0!com.docmarker.model.security.User\«@¡˚@$e\“\0Z\0accountExpiredZ\0\raccountLockedZ\0credentialsExpiredZ\0enabledL\0\ractivationKeyq\0~\0L\0authoritiesq\0~\0L\0emailq\0~\0L\0	firstNameq\0~\0L\0idq\0~\0L\0lastNameq\0~\0L\0passwordq\0~\0L\0usernameq\0~\0xp\0\0\0psr\0/org.hibernate.collection.internal.PersistentBagec˝? Ç\0\0L\0bagq\0~\0xr\0>org.hibernate.collection.internal.AbstractPersistentCollection\È\”\‹M©;•\0\nZ\0allowLoadOutsideTransactionI\0\ncachedSizeZ\0dirtyZ\0initializedZ\0\risTempSessionL\0keyt\0Ljava/io/Serializable;L\0ownerq\0~\0L\0roleq\0~\0L\0sessionFactoryUuidq\0~\0L\0storedSnapshotq\0~\0Txp\0ˇˇˇˇ\0\0q\0~\0q\0~\0Qt\0-com.docmarker.model.security.User.authoritiespsq\0~\0\0\0\0w\0\0\0q\0~\0q\0~\0q\0~\0q\0~\0q\0~\0q\0~\0!q\0~\0$q\0~\0\'xsq\0~\0\0\0\0w\0\0\0q\0~\0q\0~\0q\0~\0q\0~\0q\0~\0q\0~\0!q\0~\0$q\0~\0\'xppq\0~\0pt\0<$2a$08$qvrzQZ7jJ7oy2p/msL4M0.l83Cd0jNsX6AJUitbgRXGzge4j035hat\0admin'),('b65eda0e82ac48be52ed8cbcfb58e7ad',_binary '¨\Ì\0sr\0Lorg.springframework.security.oauth2.common.DefaultExpiringOAuth2RefreshToken/\ﬂGcù\–…∑\0L\0\nexpirationt\0Ljava/util/Date;xr\0Dorg.springframework.security.oauth2.common.DefaultOAuth2RefreshTokens\·\ncT\‘^\0L\0valuet\0Ljava/lang/String;xpt\0$32122af4-81c9-43d0-95d5-d6b1c3583614sr\0java.util.DatehjÅKYt\0\0xpw\0\0i#ÅPx',_binary '¨\Ì\0sr\0Aorg.springframework.security.oauth2.provider.OAuth2AuthenticationΩ@bR\0L\0\rstoredRequestt\0<Lorg/springframework/security/oauth2/provider/OAuth2Request;L\0userAuthenticationt\02Lorg/springframework/security/core/Authentication;xr\0Gorg.springframework.security.authentication.AbstractAuthenticationToken”™(~nGd\0Z\0\rauthenticatedL\0authoritiest\0Ljava/util/Collection;L\0detailst\0Ljava/lang/Object;xp\0sr\0&java.util.Collections$UnmodifiableList¸%1µ\Ïé\0L\0listt\0Ljava/util/List;xr\0,java.util.Collections$UnmodifiableCollectionB\0Ä\À^\˜\0L\0cq\0~\0xpsr\0java.util.ArrayListxÅ\“ô\«aù\0I\0sizexp\0\0\0w\0\0\0sr\0&com.docmarker.model.security.Authority†-ßhqvw\0L\0idt\0Ljava/lang/Long;L\0namet\0Ljava/lang/String;xpsr\0java.lang.Long;ã\‰êÃè#\ﬂ\0J\0valuexr\0java.lang.NumberÜ¨ïî\‡ã\0\0xp\0\0\0\0\0\0\0t\0COMPANY_CREATEsq\0~\0\rsq\0~\0\0\0\0\0\0\0\0t\0COMPANY_READsq\0~\0\rsq\0~\0\0\0\0\0\0\0\0t\0COMPANY_UPDATEsq\0~\0\rsq\0~\0\0\0\0\0\0\0\0t\0COMPANY_DELETEsq\0~\0\rsq\0~\0\0\0\0\0\0\0\0t\0DEPARTMENT_CREATEsq\0~\0\rsq\0~\0\0\0\0\0\0\0\0t\0DEPARTMENT_READsq\0~\0\rsq\0~\0\0\0\0\0\0\0\0t\0DEPARTMENT_UPDATEsq\0~\0\rsq\0~\0\0\0\0\0\0\0\0t\0DEPARTMENT_DELETExq\0~\0psr\0:org.springframework.security.oauth2.provider.OAuth2Request\0\0\0\0\0\0\0\0Z\0approvedL\0authoritiesq\0~\0L\0\nextensionst\0Ljava/util/Map;L\0redirectUriq\0~\0L\0refresht\0;Lorg/springframework/security/oauth2/provider/TokenRequest;L\0resourceIdst\0Ljava/util/Set;L\0\rresponseTypesq\0~\0-xr\08org.springframework.security.oauth2.provider.BaseRequest6(z>£qiΩ\0L\0clientIdq\0~\0L\0requestParametersq\0~\0+L\0scopeq\0~\0-xpt\0\"spring-security-oauth2-read-clientsr\0%java.util.Collections$UnmodifiableMap\Ò•®˛t\ıB\0L\0mq\0~\0+xpsr\0java.util.HashMap\⁄¡\√`\—\0F\0\nloadFactorI\0	thresholdxp?@\0\0\0\0\0w\0\0\0\0\0\0t\0\ngrant_typet\0passwordt\0	client_idt\0\"spring-security-oauth2-read-clientt\0usernamet\0adminxsr\0%java.util.Collections$UnmodifiableSetÄí—èõÄU\0\0xq\0~\0	sr\0java.util.LinkedHashSet\ÿl\◊Zï\›*\0\0xr\0java.util.HashSet∫DÖïñ∏∑4\0\0xpw\0\0\0?@\0\0\0\0\0t\0readxsq\0~\0>w\0\0\0?@\0\0\0\0\0sr\0Borg.springframework.security.core.authority.SimpleGrantedAuthority\0\0\0\0\0\0§\0L\0roleq\0~\0xpt\0USERxsq\0~\03?@\0\0\0\0\0\0w\0\0\0\0\0\0\0xppsq\0~\0>w\0\0\0?@\0\0\0\0\0t\0resource-server-rest-apixsq\0~\0>w\0\0\0?@\0\0\0\0\0\0xsr\0Oorg.springframework.security.authentication.UsernamePasswordAuthenticationToken\0\0\0\0\0\0§\0L\0credentialsq\0~\0L\0	principalq\0~\0xq\0~\0sq\0~\0sq\0~\0\0\0\0w\0\0\0q\0~\0q\0~\0q\0~\0q\0~\0q\0~\0q\0~\0!q\0~\0$q\0~\0\'xq\0~\0Lsr\0java.util.LinkedHashMap4¿N\\l¿˚\0Z\0accessOrderxq\0~\03?@\0\0\0\0\0w\0\0\0\0\0\0q\0~\05q\0~\06q\0~\07q\0~\08q\0~\09q\0~\0:x\0psr\0!com.docmarker.model.security.User\«@¡˚@$e\“\0Z\0accountExpiredZ\0\raccountLockedZ\0credentialsExpiredZ\0enabledL\0\ractivationKeyq\0~\0L\0authoritiesq\0~\0L\0emailq\0~\0L\0	firstNameq\0~\0L\0idq\0~\0L\0lastNameq\0~\0L\0passwordq\0~\0L\0usernameq\0~\0xp\0\0\0psr\0/org.hibernate.collection.internal.PersistentBagec˝? Ç\0\0L\0bagq\0~\0xr\0>org.hibernate.collection.internal.AbstractPersistentCollection\È\”\‹M©;•\0\nZ\0allowLoadOutsideTransactionI\0\ncachedSizeZ\0dirtyZ\0initializedZ\0\risTempSessionL\0keyt\0Ljava/io/Serializable;L\0ownerq\0~\0L\0roleq\0~\0L\0sessionFactoryUuidq\0~\0L\0storedSnapshotq\0~\0Sxp\0ˇˇˇˇ\0\0q\0~\0q\0~\0Pt\0-com.docmarker.model.security.User.authoritiespsq\0~\0\0\0\0w\0\0\0q\0~\0q\0~\0q\0~\0q\0~\0q\0~\0q\0~\0!q\0~\0$q\0~\0\'xsq\0~\0\0\0\0w\0\0\0q\0~\0q\0~\0q\0~\0q\0~\0q\0~\0q\0~\0!q\0~\0$q\0~\0\'xppq\0~\0pt\0<$2a$08$qvrzQZ7jJ7oy2p/msL4M0.l83Cd0jNsX6AJUitbgRXGzge4j035hat\0admin');
/*!40000 ALTER TABLE `oauth_refresh_token` ENABLE KEYS */;
UNLOCK TABLES;

--
-- Table structure for table `office`
--

DROP TABLE IF EXISTS `office`;
/*!40101 SET @saved_cs_client     = @@character_set_client */;
 SET character_set_client = utf8mb4 ;
CREATE TABLE `office` (
  `ID` bigint(20) NOT NULL,
  `NAME` varchar(255) NOT NULL,
  `ADDRESS_ID` bigint(20) DEFAULT NULL,
  `department_ID` bigint(20) DEFAULT NULL,
  PRIMARY KEY (`ID`),
  KEY `FKoxl77fhyay272nl08cm7kcipf` (`ADDRESS_ID`),
  KEY `FKau0vbuf5c9fegd3bxi5uw8byg` (`department_ID`)
) ENGINE=MyISAM DEFAULT CHARSET=utf8mb4 COLLATE=utf8mb4_0900_ai_ci;
/*!40101 SET character_set_client = @saved_cs_client */;

--
-- Dumping data for table `office`
--

LOCK TABLES `office` WRITE;
/*!40000 ALTER TABLE `office` DISABLE KEYS */;
INSERT INTO `office` VALUES (1,'Office of S&M Boston',4,1),(2,'Office of S&M New York',5,1),(3,'Office of R&D Boston',6,2);
/*!40000 ALTER TABLE `office` ENABLE KEYS */;
UNLOCK TABLES;

--
-- Table structure for table `password_reset_token`
--

DROP TABLE IF EXISTS `password_reset_token`;
/*!40101 SET @saved_cs_client     = @@character_set_client */;
 SET character_set_client = utf8mb4 ;
CREATE TABLE `password_reset_token` (
  `id` bigint(20) NOT NULL AUTO_INCREMENT,
  `expiry_date` datetime(6) DEFAULT NULL,
  `token` varchar(255) DEFAULT NULL,
  `user_id` bigint(20) NOT NULL,
  PRIMARY KEY (`id`),
  KEY `FKjthxr8d7rmlunj1uv3lt1xvl5` (`user_id`),
  CONSTRAINT `FKjthxr8d7rmlunj1uv3lt1xvl5` FOREIGN KEY (`user_id`) REFERENCES `user` (`id`)
) ENGINE=InnoDB DEFAULT CHARSET=utf8mb4 COLLATE=utf8mb4_0900_ai_ci;
/*!40101 SET character_set_client = @saved_cs_client */;

--
-- Dumping data for table `password_reset_token`
--

LOCK TABLES `password_reset_token` WRITE;
/*!40000 ALTER TABLE `password_reset_token` DISABLE KEYS */;
/*!40000 ALTER TABLE `password_reset_token` ENABLE KEYS */;
UNLOCK TABLES;

--
-- Table structure for table `user`
--

DROP TABLE IF EXISTS `user`;
/*!40101 SET @saved_cs_client     = @@character_set_client */;
 SET character_set_client = utf8mb4 ;
CREATE TABLE `user` (
  `id` bigint(20) NOT NULL AUTO_INCREMENT,
  `account_expired` bit(1) DEFAULT NULL,
  `account_locked` bit(1) DEFAULT NULL,
  `credentials_expired` bit(1) DEFAULT NULL,
  `email` varchar(255) DEFAULT NULL,
  `enabled` bit(1) DEFAULT NULL,
  `firstname` varchar(255) DEFAULT NULL,
  `lastname` varchar(255) DEFAULT NULL,
  `password` varchar(255) DEFAULT NULL,
  `user_name` varchar(255) DEFAULT NULL,
  PRIMARY KEY (`id`),
  UNIQUE KEY `UKg4d5va20588945vtxd2d51n0g` (`user_name`)
) ENGINE=InnoDB AUTO_INCREMENT=18 DEFAULT CHARSET=utf8mb4 COLLATE=utf8mb4_0900_ai_ci;
/*!40101 SET character_set_client = @saved_cs_client */;

--
-- Dumping data for table `user`
--

LOCK TABLES `user` WRITE;
/*!40000 ALTER TABLE `user` DISABLE KEYS */;
INSERT INTO `user` VALUES (1,_binary '\0',_binary '\0',_binary '\0',NULL,_binary '','admin',NULL,'$2a$08$qvrzQZ7jJ7oy2p/msL4M0.l83Cd0jNsX6AJUitbgRXGzge4j035ha',NULL),(2,_binary '\0',_binary '\0',_binary '','$2a$08$dwYz8O.qtUXboGosJFsS4u19LHKW7aCQ0LXXuNlRfjjGKwj5NfKSe',_binary '\0',NULL,NULL,NULL,NULL),(3,_binary '\0',_binary '\0',_binary '\0',NULL,_binary '','modifier',NULL,'$2a$08$kPjzxewXRGNRiIuL4FtQH.mhMn7ZAFBYKB3ROz.J24IX8vDAcThsG',NULL),(4,_binary '\0',_binary '\0',_binary '\0',NULL,_binary '','reader2',NULL,'$2a$08$vVXqh6S8TqfHMs1SlNTu/.J25iUCrpGBpyGExA.9yI.IlDRadR6Ea',NULL),(17,_binary '\0',_binary '\0',_binary '\0','mandhanpawan7@gmail.com',_binary '','pawan','mandhan','$2a$08$Wu0R3f0xPq7cFCLYOFqYP.GEemMIzj6/fghUs7EfWieWw4RwBE7QG','mandhanpawan7@gmail.com');
/*!40000 ALTER TABLE `user` ENABLE KEYS */;
UNLOCK TABLES;

--
-- Table structure for table `users_authorities`
--

DROP TABLE IF EXISTS `users_authorities`;
/*!40101 SET @saved_cs_client     = @@character_set_client */;
 SET character_set_client = utf8mb4 ;
CREATE TABLE `users_authorities` (
  `user_id` bigint(20) NOT NULL,
  `authority_id` bigint(20) NOT NULL,
  KEY `FKmcjjjdkxpgekv37h3so70l34u` (`user_id`),
  KEY `FKjp2401odvqvmn889120b8qkcg` (`authority_id`),
  CONSTRAINT `FKjp2401odvqvmn889120b8qkcg` FOREIGN KEY (`authority_id`) REFERENCES `authority` (`id`),
  CONSTRAINT `FKmcjjjdkxpgekv37h3so70l34u` FOREIGN KEY (`user_id`) REFERENCES `user` (`id`)
) ENGINE=InnoDB DEFAULT CHARSET=utf8mb4 COLLATE=utf8mb4_0900_ai_ci;
/*!40101 SET character_set_client = @saved_cs_client */;

--
-- Dumping data for table `users_authorities`
--

LOCK TABLES `users_authorities` WRITE;
/*!40000 ALTER TABLE `users_authorities` DISABLE KEYS */;
INSERT INTO `users_authorities` VALUES (17,2);
/*!40000 ALTER TABLE `users_authorities` ENABLE KEYS */;
UNLOCK TABLES;

--
-- Table structure for table `verification_token`
--

DROP TABLE IF EXISTS `verification_token`;
/*!40101 SET @saved_cs_client     = @@character_set_client */;
 SET character_set_client = utf8mb4 ;
CREATE TABLE `verification_token` (
  `id` bigint(20) NOT NULL AUTO_INCREMENT,
  `expiry_date` datetime(6) DEFAULT NULL,
  `token` varchar(255) DEFAULT NULL,
  `user_id` bigint(20) NOT NULL,
  PRIMARY KEY (`id`),
  KEY `FK_VERIFY_USER` (`user_id`),
  CONSTRAINT `FK_VERIFY_USER` FOREIGN KEY (`user_id`) REFERENCES `user` (`id`)
) ENGINE=InnoDB AUTO_INCREMENT=8 DEFAULT CHARSET=utf8mb4 COLLATE=utf8mb4_0900_ai_ci;
/*!40101 SET character_set_client = @saved_cs_client */;

--
-- Dumping data for table `verification_token`
--

LOCK TABLES `verification_token` WRITE;
/*!40000 ALTER TABLE `verification_token` DISABLE KEYS */;
INSERT INTO `verification_token` VALUES (7,'2019-02-11 05:17:50.450000','2270388c-a03a-4c45-a41f-c93b15982f95',17);
/*!40000 ALTER TABLE `verification_token` ENABLE KEYS */;
UNLOCK TABLES;
/*!40103 SET TIME_ZONE=@OLD_TIME_ZONE */;

/*!40101 SET SQL_MODE=@OLD_SQL_MODE */;
/*!40014 SET FOREIGN_KEY_CHECKS=@OLD_FOREIGN_KEY_CHECKS */;
/*!40014 SET UNIQUE_CHECKS=@OLD_UNIQUE_CHECKS */;
/*!40101 SET CHARACTER_SET_CLIENT=@OLD_CHARACTER_SET_CLIENT */;
/*!40101 SET CHARACTER_SET_RESULTS=@OLD_CHARACTER_SET_RESULTS */;
/*!40101 SET COLLATION_CONNECTION=@OLD_COLLATION_CONNECTION */;
/*!40111 SET SQL_NOTES=@OLD_SQL_NOTES */;

-- Dump completed on 2019-02-10 23:30:39
